Model,Val Accuracy,Test Accuracy
Random Forest,0.9988801791713325,0.9988801791713325
SVM,0.9518477043673013,0.9496080627099664
KNN,0.9036954087346024,0.9204927211646137
Decision Tree,1.0,0.9988801791713325
